{"n_facilities":10,"n_customers":10,"n_scenarios":25,"capacities":[76.0,26.0,62.0,107.0,77.0,62.0,33.0,67.0,15.0,69.0],"demands":[[5.0,26.0,34.0,6.0,27.0,17.0,10.0,9.0,28.0,33.0],[5.0,27.0,34.0,6.0,27.0,16.0,10.0,9.0,27.0,33.0],[5.0,26.0,34.0,6.0,27.0,17.0,10.0,9.0,27.0,34.0],[5.0,26.0,34.0,6.0,27.0,17.0,10.0,9.0,28.0,33.0],[5.0,26.0,34.0,6.0,27.0,17.0,10.0,9.0,28.0,34.0],[5.0,26.0,35.0,6.0,26.0,17.0,10.0,9.0,28.0,33.0],[5.0,27.0,35.0,6.0,27.0,16.0,10.0,9.0,27.0,34.0],[5.0,26.0,34.0,6.0,27.0,17.0,10.0,9.0,28.0,32.0],[5.0,28.0,33.0,6.0,27.0,17.0,10.0,9.0,28.0,32.0],[5.0,26.0,35.0,6.0,27.0,17.0,10.0,9.0,29.0,32.0],[5.0,26.0,34.0,6.0,27.0,17.0,10.0,9.0,27.0,33.0],[5.0,25.0,34.0,6.0,27.0,17.0,10.0,9.0,27.0,34.0],[5.0,26.0,33.0,6.0,27.0,17.0,10.0,9.0,27.0,33.0],[5.0,27.0,34.0,6.0,27.0,17.0,10.0,9.0,28.0,32.0],[5.0,26.0,34.0,6.0,27.0,17.0,10.0,9.0,28.0,33.0],[5.0,27.0,33.0,6.0,26.0,17.0,10.0,9.0,28.0,32.0],[5.0,27.0,35.0,6.0,27.0,17.0,10.0,9.0,29.0,33.0],[5.0,26.0,35.0,6.0,27.0,17.0,10.0,9.0,29.0,33.0],[5.0,26.0,35.0,6.0,27.0,17.0,11.0,9.0,29.0,33.0],[5.0,27.0,34.0,6.0,27.0,17.0,10.0,9.0,28.0,33.0],[5.0,26.0,35.0,6.0,27.0,17.0,10.0,9.0,29.0,34.0],[5.0,25.0,34.0,6.0,27.0,18.0,10.0,9.0,29.0,33.0],[5.0,27.0,34.0,6.0,27.0,17.0,10.0,9.0,28.0,33.0],[5.0,25.0,35.0,6.0,27.0,17.0,10.0,9.0,28.0,32.0],[5.0,25.0,35.0,6.0,27.0,17.0,10.0,9.0,27.0,33.0]],"fixed_costs":[1139.0,709.0,965.0,1270.0,1100.0,1007.0,739.0,1051.0,558.0,1024.0],"costs":[[34.85826344942249,67.90310730770994,78.71520699283352,33.48781291739248,167.43590290793156,148.0217866315966,51.42116563210985,76.61921990999913,128.56857353151008,196.5397196252994],[9.091199819867462,72.72704629998731,132.51646957698824,6.07827740311912,24.118484461186874,65.4053184417616,41.455502293031586,76.5269233764086,131.2715689237263,56.77712717340045],[27.15714664357915,29.51036040924209,55.99258579303653,24.278195714473043,125.81730386692203,124.06955515955968,43.613467524623736,74.7283871933638,113.99570891993957,146.87622937886735],[21.301122234460905,157.4905654554311,216.3976261118149,28.781935708686365,105.92075370753707,13.58754159028538,44.17711850787491,64.73678526297032,150.07663129791564,174.85728895852688],[42.53024154930004,154.53580826972322,161.10187724021742,47.05318970104146,205.46715510690817,120.12920920178794,27.385800877183044,17.286142251232512,67.69631142418922,282.35046028113436],[14.43856145864406,49.95364671942142,114.92694249791195,8.879327081175953,61.51374713202001,94.93932909599721,48.00823847300714,83.01609430962182,141.04886031926276,59.82255595047784],[19.426310886941106,60.23779499484226,127.31867208981828,15.307580245673162,93.09132130531594,116.58231923102429,57.4122447616883,90.7990507732567,162.7092267349443,85.39983040230035],[43.563235797556445,191.267012152518,219.82731097611472,50.559506622620106,214.33218929748858,106.4306837294046,37.54440509370956,17.125555296968336,112.99877179875332,301.33042764274455],[6.441481885793588,83.14393553666905,151.71472330395952,1.630437120731734,18.256449797815236,71.7407107056402,49.51142647461495,83.84824814610872,153.00872504298613,30.267512811232994],[6.032934639174182,100.92961441183516,178.74867555108216,5.151567201351105,37.00855626058221,82.20856866774469,59.56390399181717,92.95543026931381,180.41660864063323,7.638002344053865]]}