{"n_facilities":10,"n_customers":10,"n_scenarios":5,"capacities":[12.0,87.0,118.0,12.0,62.0,49.0,121.0,86.0,32.0,83.0],"demands":[[34.0,29.0,9.0,22.0,28.0,27.0,18.0,28.0,17.0,8.0],[33.0,29.0,9.0,22.0,29.0,27.0,17.0,28.0,17.0,8.0],[35.0,29.0,9.0,22.0,28.0,27.0,18.0,28.0,17.0,8.0],[32.0,30.0,9.0,22.0,28.0,27.0,19.0,28.0,17.0,8.0],[34.0,29.0,9.0,22.0,29.0,27.0,17.0,28.0,17.0,8.0]],"fixed_costs":[458.0,1077.0,1303.0,472.0,955.0,903.0,1317.0,1114.0,717.0,1153.0],"costs":[[122.23680489353828,81.74475997411533,45.59936350102535,161.40047294701554,171.4882636254909,78.1397477830849,108.66629010884068,34.32147212052213,23.084082747421164,25.44256418928685],[67.10201830971907,217.73636797977082,42.46567780459122,174.83525546848807,72.65743415266645,167.47499310633458,101.06965587856527,118.55368395067353,110.55592961445676,67.45085619805123],[126.84285804550089,126.32640700712147,55.121209737996,191.9167077076868,181.8313350668853,120.3174191517716,129.05132147932972,56.37715318931021,29.467953208899797,35.03945921391475],[222.67905713104886,98.33576743653396,37.87044299284022,71.55875816553886,199.4098761298666,72.75972775253692,74.354909951692,153.65712535963763,106.75191813028407,38.180164234661675],[222.96599217775818,178.62389480574484,28.424616537927292,2.7482388894959358,160.79484692515663,125.0330396470822,40.53277559127121,187.70603624178662,143.41383752307087,61.63238864810894],[125.74908967782278,162.31768588555082,59.760311688853086,208.8497731616289,180.15042265198562,148.53189644708164,138.92060353499625,77.99073673783195,50.45855106865969,45.20875271152847],[109.27145297991191,207.7242669410923,20.994042315596236,110.7990126829992,24.526337182007566,145.09934421235326,49.04953890601641,142.07028766209487,129.28599970347696,68.27080681720189],[97.62104874987017,98.64112996888589,42.44499935169389,159.55957691889532,153.40932703457224,83.27783200984908,103.32265855287436,17.07161394442145,33.729740938040734,31.360598389048203],[172.43591448497727,84.63615312116758,58.296783590206125,185.7659468948603,214.12414223443415,103.10639913114301,133.0776158607968,76.73764055086012,5.003862606150307,19.668342725047978],[39.64845589581926,194.11344315398588,37.69237857348104,163.66489616060332,72.0960644454315,146.16031992451553,92.82638835721043,96.0685354573508,97.80420682198698,60.976470665756686]]}