{"n_facilities":10,"n_customers":10,"capacities":[39.0,102.0,36.0,56.0,66.0,103.0,7.0,17.0,46.0,73.0],"demands":[19.0,26.0,20.0,30.0,11.0,6.0,17.0,17.0,11.0,25.0],"fixed_costs":[838.0,1296.0,828.0,1002.0,1101.0,1285.0,387.0,540.0,853.0,1070.0],"costs":[[130.20828350936745,128.14647275054273,175.46262371616422,147.0146469962889,103.25707943264328,53.424200553410806,39.829633039624426,73.03801284478831,12.678997666511156,114.11862988085694],[18.15225368824793,171.30283379863732,68.58961604965974,44.08423407166903,67.26428569389105,21.7852646810761,83.23490602129928,115.33708199963067,78.9030550691163,119.59841116332231],[159.4042121944645,111.97789359811924,195.2127417946429,195.5781539079403,106.36311792142742,63.79744401856524,72.72194887084059,59.54665995980434,10.51669134036059,162.4432701076037],[119.5518994969922,59.13659362090554,141.09802203783647,141.66052814817266,75.70269061340636,52.94734957841996,71.19866090248217,31.754998248883233,33.487366095440485,153.9522260868549],[106.41454371408591,84.55847553347003,137.04801196453244,116.51143034282879,79.32331762220457,48.18983104927337,54.43579933261187,49.17291502697248,31.02208387280324,128.35669802664614],[40.615812800241784,243.75764379846828,72.83895066552012,122.73841319609124,79.77810054300532,10.876484421734194,125.98889833147692,164.30618862779104,110.85170933268009,163.2968725038371],[85.45240339960974,157.49058194709002,30.325482236960344,157.27868711614914,24.628050504298947,39.88287322708756,138.22639730771786,113.80327901405066,100.48160195380788,216.26557265580067],[146.85819263163347,125.2240790897863,188.94726329129898,173.92166346081262,107.30909948375482,59.029170686702294,55.42333037992134,69.4253975255191,2.3231240543466947,136.66139865575036],[140.57021413595464,213.90631845928004,206.62290619772386,167.14888713851573,130.6473882059221,51.200175481543845,38.8539952675418,130.09328856059642,44.19087416793562,73.73509338151175],[60.18105925367915,275.2054198207219,95.64268868398207,149.97514819793125,92.61313826080286,8.549233031761352,138.1433366313069,184.37859271783645,121.0369414959653,173.5765750673791]]}