{"n_facilities":10,"n_customers":10,"capacities":[184.0,235.0,120.0,264.0,264.0,222.0,56.0,69.0,62.0,293.0],"demands":[20.0,25.0,16.0,15.0,5.0,35.0,21.0,24.0,9.0,7.0],"fixed_costs":[929.0,1142.0,757.0,1187.0,1125.0,1086.0,553.0,662.0,571.0,1277.0],"costs":[[23.897640341965296,194.15338923598748,86.93557304993698,140.3946038264261,18.35971997517898,283.3806022501574,139.02523400039746,38.36836750952122,59.608913305674776,61.345198120232794],[168.81454937515338,55.29611858521827,68.49747779703209,24.59612298092734,28.373514861624088,195.2769030952781,65.82983071536106,213.89416896250006,36.039603204442756,43.3798039658936],[139.18465890104562,38.46203077694567,40.13846121036322,50.70015331271208,19.712717520921306,148.54161295636519,32.959348349835956,177.90840750426312,21.796346294906176,34.62652779071516],[49.53760763711841,149.9614991590527,50.935054518461406,126.50067052016556,6.192865229567174,191.06068006001607,97.06323598193235,66.68413288990892,38.95910563087444,42.47220357625966],[120.28422507558979,139.68341602560085,85.06079844904971,80.55400819529585,25.966402590134756,278.67149595118707,112.57903524759344,155.66516559972428,54.00216390916567,60.99023349486323],[92.70127989598593,151.2023584914111,52.32221197215266,136.45706262733657,12.363324405366786,143.3473406402049,97.19653135685864,114.43621714853094,35.40832442077,31.344530184487013],[61.07788070692833,190.91727926664362,94.12141071596298,128.48556670314372,22.687434905442615,305.54183483038713,141.83385463102317,82.46540495680628,62.93888661203747,66.17654870996489],[51.31406119488818,149.30149379383795,62.045035632355635,113.18610784003592,12.40036681158693,234.24662043725937,103.02038007166101,73.22655442131685,45.26423517110392,51.85126791321607],[223.7603817601646,110.58635411312088,112.31838870733085,17.99450203274507,42.51469852263217,270.64223400516556,119.94688109293519,279.9897757363764,58.76149600520672,57.438428368824916],[171.5675443816279,51.302988929053924,68.42729414268815,23.56904244668779,28.69109016486247,190.59269128216624,64.43682577792087,217.12663921036975,35.37083205468225,42.330282923758794]]}