{"n_facilities":10,"n_customers":10,"capacities":[125.0,134.0,68.0,162.0,91.0,68.0,105.0,117.0,33.0,107.0],"demands":[23.0,20.0,6.0,27.0,13.0,8.0,16.0,35.0,35.0,19.0],"fixed_costs":[1234.0,1246.0,905.0,1307.0,1060.0,887.0,1087.0,1177.0,599.0,1170.0],"costs":[[117.65580345977253,142.39686831918422,6.884971417824222,66.17826739353588,118.84670443410235,41.47257150581564,99.49629283769062,170.48066922887799,57.37258857765896,42.66779587525762],[195.90699468553424,41.3090973777231,37.44071064439448,82.50967372290268,54.50784457700944,45.920991738233425,142.42870344928158,303.1348902029195,153.71433460753872,67.25133028017383],[72.89409670319985,182.5202491224896,11.908712391658943,114.56553984415092,142.84397863564405,40.86671968162389,72.70465142649617,94.50279867899866,102.16167920155678,72.40579812292702],[220.7364366167541,71.95548954349742,58.578271666481584,167.79635186839167,38.34565406531435,45.41463655338987,147.40698464413373,352.0887123696099,253.047648841237,122.24807254401003],[200.33467635714354,26.898756457940358,44.66961533964235,105.71751963295213,37.619347247615124,42.4234802003372,140.76300078886015,314.6659792348145,181.4718011107053,81.61706330877847],[186.13721253827535,86.12221662427649,27.392804683166332,71.8583120506549,83.8672486938564,50.92586462181042,141.38750942919705,281.6185958073936,127.36801870250034,58.95767899881103],[179.30254773145163,86.72406607641875,26.10981953849831,63.82313792472229,84.23421950711732,48.66288769397432,136.5710560695061,271.4076489233451,116.96500365263135,53.24923791279174],[145.04570731055438,148.65997383715944,53.748142178547496,173.4041948256453,100.30837970985061,24.463704088465587,85.50235526840001,243.47105826635953,229.4293915258674,118.8243986018953],[175.4885434701391,86.33953875501763,25.5985511978284,58.924274348573434,83.92623657840848,47.21036599045455,133.76123995303826,265.86994959502545,111.18618585371739,49.85304784846161],[151.4782872995696,168.5946291946577,58.2189265087586,198.5644823895284,112.00596294632658,30.461781079964737,87.23703357133643,254.35654272045,258.5757554441542,135.93335314132347]]}