{"n_facilities":10,"n_customers":10,"capacities":[67.0,252.0,125.0,333.0,65.0,281.0,237.0,232.0,38.0,279.0],"demands":[24.0,29.0,15.0,27.0,26.0,11.0,18.0,17.0,6.0,18.0],"fixed_costs":[574.0,1086.0,860.0,1316.0,593.0,1138.0,1052.0,1052.0,436.0,1236.0],"costs":[[199.6930506007675,61.20396036888345,143.13910597904004,139.474697429144,176.9164727731722,104.46471095034283,8.345124997361584,73.06437936727738,47.81339537539951,205.9683569178435],[157.0031767998565,19.429813810208064,121.73158703792474,141.27226853935758,178.44278520383068,84.15665203198053,36.681174329934805,41.86127084573998,41.28102593523882,177.17808818460313],[47.122317950646405,127.71533272925615,54.140005789373305,158.21241664552318,176.37548904175574,38.01306305737363,122.15844064612955,62.39943699554238,21.524681644743737,90.65014405312779],[44.76598408331029,199.9932378342824,76.34977452177897,248.88414642216136,263.21659948743155,10.660756866079122,163.63673145708725,83.28739307463155,38.24518110129589,88.47999382660056],[213.60237234408405,185.7590516857769,112.2428816251215,48.13314384363067,12.881283171182526,115.28397339481478,130.929838108346,144.97025851238823,30.4006284451441,176.94239522553664],[106.25680622313702,271.3254831512948,27.117260157496265,231.2812931248387,219.8065717481436,55.1906424757039,210.56274362004538,150.96006458269778,23.99118409850757,24.226189821036705],[74.37402906721334,158.3078296914531,95.31113548412497,235.13295536597118,257.3228302044642,33.59910370552221,133.5358870797312,52.26587916306435,41.6881118276556,121.6973352854084],[173.98383950948056,39.10460128574433,122.28893606240752,103.59807035879341,142.81002578989666,94.11596817760487,35.10610929837844,67.4437809550011,38.90523938983394,182.5945843522658],[95.44616391146563,115.25382649518777,57.12112155226093,100.60937276893661,118.56482113851128,61.05567089417775,111.44650329484065,78.68619555188337,13.795807192020238,106.94805604638893],[190.87793216814345,86.81626755426541,121.69688779717058,62.66408230537709,101.96862110217644,103.50255641970107,60.49073732721637,94.40627589899276,36.36842949696929,185.63675378826923]]}