{"n_facilities":10,"n_customers":10,"capacities":[234.0,153.0,42.0,105.0,51.0,86.0,168.0,51.0,48.0,117.0],"demands":[16.0,29.0,11.0,29.0,24.0,5.0,35.0,17.0,25.0,20.0],"fixed_costs":[1310.0,1036.0,565.0,907.0,688.0,791.0,1088.0,656.0,652.0,961.0],"costs":[[105.69572026055623,163.8814169829191,77.62816593141072,113.22405165748626,139.3221174008314,34.854614509607245,138.6798916384679,74.84675117401012,40.42280775747504,35.497027883784014],[54.39127654025932,62.581599186737776,28.738948119951587,131.9211275456956,43.36083749327888,14.178158505378766,35.71598108842632,55.42579253533993,127.10409664628688,127.57420707415463],[92.97185678467011,143.18950724521227,71.15379353058321,129.61859238348117,134.94184090672292,33.97713523685363,130.23444114158346,59.801483469121365,25.78059535573133,43.54746349351946],[99.32382702958962,146.702640455915,50.0976663028093,106.70389125812349,34.48163516533676,8.022861848911878,96.17490217658371,106.97141516794537,179.96748712334963,158.3738063106173],[108.51881790185958,160.66605168994965,66.53051239689898,30.100208332792953,81.96262253974416,21.83100225045212,87.7560455220639,96.25503487138445,123.38884971968803,103.20747358583135],[95.91355960147892,159.77047193488994,41.53651257428532,228.68956847813365,91.3307553206387,13.80334611928589,194.72863755566596,129.182810967195,251.4458017409283,225.60363737955458],[54.607541235198184,75.4326900767605,47.205550060660684,155.30628790037335,106.57585378459527,27.59204840457254,96.3226725151716,22.171269151488758,70.62374132972306,90.31768801440522],[67.14137163426705,89.22909196156273,47.59371122459804,114.39361280949787,82.58079853175249,22.996228640590246,54.48366704796941,45.32753445528816,78.4463567591466,88.0900645735089],[139.92206973554875,229.85551787056053,103.9695693733281,163.3618148908568,198.03129176835787,47.04497842500621,225.037736866918,107.64049615157131,66.95375790313719,16.842992379578146],[59.52321886180084,93.02426164186505,16.322686220605554,202.5901513456571,65.1328498759767,11.752394420485972,137.49526453696419,90.5490244432297,201.4502855594134,189.08275731650235]]}