{"n_facilities":10,"n_customers":10,"capacities":[59.0,10.0,20.0,147.0,110.0,65.0,72.0,43.0,47.0,128.0],"demands":[21.0,8.0,22.0,31.0,29.0,28.0,24.0,23.0,25.0,23.0],"fixed_costs":[922.0,441.0,479.0,1422.0,1148.0,965.0,955.0,752.0,781.0,1305.0],"costs":[[82.06791972017126,48.18240077328952,53.403442850040804,217.55850555220024,136.4932689658514,177.74611137151658,139.05328737994523,164.78126037351137,174.7772805765425,50.051416482227836],[30.18675180284301,19.977800493676792,70.32379315378,80.1842744014483,43.8107904429328,282.2481651439732,139.7262628246776,80.17509980848214,144.68669200421513,162.35825207774747],[210.89628161634522,63.518674884260165,208.55258619723352,264.43570495020754,260.89591526902245,233.57169792436898,125.2498300580135,169.51837093333188,115.07046996983858,235.95400708374933],[163.91488833779744,60.78985907145213,137.7390637569726,271.8623097966375,217.27172189437815,55.6278440032615,94.65491084955065,184.7692193928542,133.01774396012607,106.49837653557441],[7.333929444668889,23.74006612454695,45.257852094365695,108.25117820447004,42.64277243881072,255.10477866993332,130.9781909769644,95.07301113721198,144.1433149047864,134.57027632668496],[115.13078247842697,58.68743526645056,84.72556546087391,260.77196654446414,178.4447818358351,147.88976680034006,150.9395502319167,193.46486517314023,192.05821795512344,23.46217049991321],[163.28836955651133,51.96630344509852,148.29153168531263,231.86832924481735,203.39935070410525,139.6719561854449,64.72579270999127,149.00660979659577,82.0027381276225,156.27376154784682],[118.94878712170404,65.01661851622899,100.46892410700016,279.28384619920394,193.99228744612833,214.0115447531795,194.62557529797417,214.07312773843242,233.11836422363666,78.47243928408218],[178.6205294271756,75.68989688956856,147.87916697464632,330.5134850699272,253.63454344770471,60.35803868088696,161.90246148203818,236.03331113043077,207.43952742625495,71.60680513400483],[139.70729052307186,34.87014688863028,141.48839217679165,153.2022815545601,160.13786835950054,224.0773745057641,65.36519468446433,87.12247756470927,33.48463664073185,190.6842295556027]]}