{"n_facilities":25,"n_customers":25,"capacities":[34.0,10.0,53.0,70.0,41.0,13.0,41.0,42.0,33.0,12.0,62.0,62.0,77.0,47.0,79.0,84.0,82.0,29.0,35.0,101.0,12.0,43.0,57.0,43.0,28.0],"demands":[8.0,5.0,15.0,20.0,19.0,26.0,6.0,13.0,16.0,6.0,12.0,17.0,15.0,11.0,15.0,24.0,12.0,25.0,14.0,20.0,28.0,14.0,8.0,23.0,24.0],"fixed_costs":[735.0,395.0,879.0,1051.0,866.0,476.0,778.0,849.0,745.0,482.0,958.0,1020.0,1088.0,937.0,1123.0,1225.0,1144.0,694.0,797.0,1338.0,481.0,851.0,992.0,877.0,705.0],"costs":[[9.549384849450067,17.480098670688445,122.05635491946477,131.34607624864688,121.13611856778299,42.89448583205672,4.612079658877149,26.91784288368358,146.58873541440644,36.243438240814406,83.09137308600113,42.30060663839749,40.62573047376013,12.992010044141324,104.07948413780197,252.88881916091137,67.30816273531319,160.9071933776407,88.79163711651093,28.850335491800735,64.57853551597478,9.241681155653731,34.306495074823225,30.05775601533615,127.81656573679547],[52.70078022741409,26.038826470047233,98.32381320180764,153.0063122944156,95.47270322633092,128.70232032311696,28.99035358322768,45.30776632196403,113.56666960087551,39.77445976180882,82.8175006423026,106.9370462444681,67.4744481647475,58.19427744872439,138.15920261785382,219.77309062991006,84.1884677795349,29.019058791752627,13.295081246572732,125.43873424787363,95.60576336835202,78.725677613981,9.997498519232822,136.17901989692854,134.3092135271586],[43.22374275891836,9.377507864261911,44.969932989715396,39.04675903543135,32.87795402264879,167.10476636019644,32.05885671882818,59.44760462506354,65.42613743230173,5.701683347277438,19.212423091050006,59.96599738072039,40.82692944078384,68.73225752335193,54.969132088627376,124.58854084586301,17.40628270402045,170.74901647380813,92.2065855809374,91.94526574162441,153.5724991670933,83.60924550995148,41.2338336903066,152.32866233474076,2.490984804299387],[67.61612386297365,24.928057858596738,17.91206317356982,88.29804867289367,34.148598889137766,225.62663349678112,46.858850483530986,85.78048652336051,22.33661814536564,21.830739951036296,36.054710040656914,115.46343956242805,81.35940306929629,95.46787433191855,95.92802581195257,83.78085014378313,54.88213715492185,163.04551990306558,87.71073866611272,153.9896987418723,204.8129352385236,120.29456329900806,47.27787807065198,211.39241400994285,81.17261857589534],[39.540337098117064,13.457983747354248,71.82535324641239,102.90511596542856,56.942841022111985,115.33161051705146,22.36811259855672,30.772020403362074,89.82235086195405,24.9194345487403,54.90754168957616,68.92734431491536,32.73474907476586,49.720140068504435,99.62242443508543,178.44032902591465,53.51553081566716,93.28347593211508,49.09853143305862,87.84306516192606,84.16106601241025,63.948012454081336,15.717751513984432,117.13187685079444,74.57147765388777],[37.10678214791039,5.65822163781604,56.28796941913072,45.32297099156169,44.387545332835266,149.89784406718417,27.938133152448138,52.02524207808394,77.44852178201639,8.765297818684985,27.56765210917058,47.03496328751186,30.853282535245473,61.121503030881144,54.68728585230892,142.70398698583259,17.635962388007428,168.00998408352729,90.84111083514954,76.63146039078298,138.02585571055428,73.52613223462971,38.969466821633745,135.82859223062658,18.442974075735094],[48.48826508505368,14.60072115598857,46.569540081944226,83.5954878438611,26.224357734739073,157.0971668799583,31.24808077320988,51.494020671612766,62.65398809616377,18.83123992746238,39.06580316629521,79.58293389109528,45.19124903864747,66.66911385485896,89.6284164361566,138.2042204343339,45.09148765561803,118.10319512660182,62.55753774168518,107.4926515539122,131.08625326742907,84.17795659250285,27.95644788988296,151.60837781235634,53.02018242470986],[42.99417406349256,23.490907910499853,107.0214567608565,151.1731642735654,102.92056676948133,91.54316056480171,21.09368240279512,29.92855696371356,125.42083539944015,39.60064751508747,84.75248237975916,91.98333905644506,57.08304868756222,42.75482004744395,133.27527123188725,234.9119349742487,81.5389892787648,54.5100102084723,29.440283988624486,103.46224837997715,56.67527722378061,59.705279224257914,4.4590321052413815,103.81956264271814,133.3697997340976],[34.559372717648756,12.745451364428682,83.62427904102601,47.80105030911316,87.91386623739841,168.22295722903363,31.919376989258346,69.1922423256045,106.20825163519696,16.043860028792245,42.775810834262565,41.42269413033625,51.287701308602834,66.90928466452299,30.241226770526858,170.43220976211668,20.8065941846446,222.76774095593657,121.78468768976516,71.81908809888576,173.80009628582388,78.07711104199626,54.82320900055842,142.3909509575967,71.42705873774337],[48.99262331205101,13.769209530235322,41.655375051096634,19.68479446233526,42.31040027029099,192.7234786698733,37.7914483417446,73.13384355246879,61.34167085719335,1.163651490632038,9.519172452190094,70.47792218428962,55.56612512697177,79.15130302833005,43.85405198623945,107.9738888673227,12.844301724533224,196.44284836436313,106.53085182923766,106.17015794810884,183.30035538302505,96.18160871074656,49.94217217227551,173.08452831828458,28.490359100970352],[24.926333722937258,25.578991113116363,139.91954396433448,166.5449913585619,142.49569250556704,11.629171626861167,9.647482743675642,31.70232323272837,164.22716656345852,45.95342173660483,101.4524624071681,76.41050896142812,62.151347259971985,9.838669771916802,133.6794133742032,285.1611511306624,88.58897772847328,141.62806534263837,79.13961788959762,70.09822281994316,50.630962596419906,21.14495909905053,31.40140596236868,28.304416438959258,163.1614355473828],[19.254216960444094,23.071608580288753,135.10026187589665,155.8167493768126,136.64673300127987,10.538723434267638,6.406807037960768,29.14936121619055,159.65376539104923,43.047945696617504,96.07348666871411,65.35373394665439,55.32714699376212,2.1427742132261294,124.25774870418685,276.29865501036466,82.05601245452513,149.7918703511618,83.31411362604099,56.268524220328935,52.59652374455092,11.216833593794641,32.60418748118503,15.213023934161441,152.70347772005348],[33.05511548655212,3.05186697172742,63.41157539139873,53.77023120277311,51.48047938044126,136.8563865069918,24.878285161263676,46.17261760894243,84.94237985391192,11.771674274000647,33.81598152347464,39.16972420217201,23.52451831949106,55.48380842150616,58.02772598894657,155.11245847487413,21.732839826049165,163.57112759432923,88.49010696646604,66.59134616530443,125.5305294828947,66.24960141947288,36.764084571636666,123.88295736513953,30.26306989704868],[70.10862163808291,28.891796009384002,54.563145020912884,128.0365709412973,61.19290697158007,213.1611969029813,45.598160391835876,80.57154811019777,58.43682240120161,32.67416610504655,61.27575156276414,127.9366550155285,86.70686033672219,91.8722718624662,125.4256868962709,138.7520460077494,75.2388168403071,114.26966061393415,60.71055446418294,162.7023819237722,186.40033934771787,118.21984682598728,37.83298520137844,205.75259818369258,114.72547679567343],[26.074633426518645,26.545809177421535,142.66761786343963,170.40699673869156,145.96301378001544,16.5991822128002,10.788858458616156,34.022914003627925,167.0967708449612,47.11234465786812,103.75756512257897,79.49511828328944,65.04518309398843,11.590408596225172,136.4742591172059,289.64849210020157,90.90326997634236,143.19402712486732,80.13273225837271,73.44685798191594,54.757924797660664,23.21883239545362,32.31425423730096,30.29211699840331,167.7642548649286],[36.08527945826173,10.681684968943316,73.60744145171074,37.39701561738237,74.94465434938147,167.03294277115376,31.58307550265571,66.08576726354612,95.63744202585514,12.050346489815542,35.10702245597871,42.87958723026462,46.518255854018165,66.8822995805947,31.55656645247783,156.7618371530964,13.043644572055378,210.80234638806243,114.96808861135277,74.62647138766347,167.88909083081825,78.68720976718603,51.50710239317823,143.90935782200748,55.1867251535831],[27.580324590469356,7.243773920246504,79.73405407267806,90.85924591861557,66.70139991909407,94.89841006834095,15.949936375661364,