{"n_facilities":25,"n_customers":25,"capacities":[43.0,34.0,60.0,18.0,75.0,25.0,24.0,27.0,109.0,81.0,107.0,37.0,29.0,109.0,32.0,100.0,92.0,28.0,105.0,93.0,72.0,20.0,38.0,94.0,87.0],"demands":[20.0,6.0,30.0,16.0,27.0,24.0,19.0,34.0,26.0,19.0,18.0,6.0,25.0,21.0,23.0,7.0,31.0,12.0,27.0,25.0,12.0,5.0,19.0,32.0,29.0],"fixed_costs":[862.0,662.0,960.0,534.0,1045.0,625.0,616.0,644.0,1231.0,1054.0,1266.0,763.0,630.0,1228.0,639.0,1130.0,1121.0,649.0,1136.0,1176.0,982.0,591.0,741.0,1180.0,1119.0],"costs":[[89.36923766521177,68.14074403178901,242.34738985389663,136.54488481358857,131.4834894887569,177.75509136777362,73.08573268570291,214.63008950130083,244.32952930309187,118.55051271026971,121.47533444830407,61.964552181786786,238.16041777319273,173.32587408188184,133.8201033788911,81.84230824980102,177.45825180603987,104.17082400278761,244.6533850161088,191.32172813046202,115.64990773464544,39.22770786306635,169.6947163290304,219.83826468672504,260.29676115286765],[100.52169466503173,15.483479590089432,28.323740913367082,24.728884396000623,181.43963289562666,102.39771769988579,117.37777290922327,208.68598218181546,47.77547145871614,105.7138543665272,45.76554221861694,13.936644389045739,23.852190293534218,138.62203311296471,149.40146143319868,20.671873361381163,115.26566601579486,91.02242086473046,35.363359894799494,79.70797782359027,43.26719991254389,18.98670830925463,113.86563047798136,227.71560169657124,128.42095046505943],[65.17139301133001,41.80833997570953,126.41195126229137,64.59455118414365,145.060703627134,68.3176244262911,76.56763120614183,203.43648992291614,154.73366146996264,43.118582436268014,64.59698355575955,40.83828176084027,141.46445084608683,159.96584701067772,60.07358136143574,50.875697020277215,35.925659241920464,62.61698648966525,124.2526559307231,74.46256198677041,83.44141512381482,28.356209033141976,90.12055024766057,119.63649086062182,127.50175396157634],[157.90079961781342,48.059147096318675,215.39541528275464,91.45089770058617,270.6231584006917,71.53843106558584,164.63999719986631,359.3757923670735,232.93909400932074,45.36051697147055,134.60996586232744,57.287615353634905,204.38157832804683,253.26616239501863,53.881686396367186,56.86533031594968,146.5069562190371,6.935840027615628,166.25797173556182,101.08115563469346,125.89127453233598,48.6108084408191,33.670918593748866,40.88425116698681,94.4352822916261],[65.65588750425283,31.45278643579438,74.07718951188366,37.908722435423535,147.33164792805107,59.84062718058064,83.14641625749567,190.496173696716,110.93832142353277,57.2842167916153,40.900103931621395,30.485852323942396,97.091525456081,144.94584229318022,86.96848606532843,38.919600428173844,21.546793262197642,68.5623972271103,78.41732652796365,48.508370636026136,65.75942050839026,22.572010453857683,88.50889061916374,149.5942593867385,107.46870139060559],[16.88292588055807,45.59818585297495,124.8584203275632,80.27188026369237,78.04251900891178,120.8597477710222,30.33193780537444,122.32197818495993,140.1182505847904,90.2751408918923,49.420403547008796,37.915955630518155,139.1963522917428,113.05480345264272,115.6392795797031,55.700503881091414,86.70498399977629,92.41476141119153,147.48271613081084,118.66807338239367,68.90387866577638,20.301941213564557,135.03282656101933,198.07193637522036,187.11694583956157],[66.54876300509008,43.81426526858917,128.19452979371374,97.60021001296359,81.33193838074865,186.2448859015022,69.7708766973749,55.35420171070543,100.40557132904063,155.56198119043268,56.43784382406097,27.131876165645103,119.37407627607787,34.44386249498605,201.1886248622949,53.702687045766375,178.91769845157063,132.0884871488943,167.16069722276598,174.10418678179042,33.57122214510909,6.357884801718771,188.22789102069692,313.8896176635918,252.24189573247835],[76.26644640998087,51.70523359612559,166.69030273406887,117.66991471551675,71.3664902273685,211.91862101748598,71.1905211175,40.10032296196824,134.23164731241997,172.7647022414713,77.47241489009393,34.68468773782877,152.27905120003783,16.206641732089622,219.82580866675886,62.90291502020248,208.67506296963649,143.77189065949648,201.81990831286643,202.58585887100526,47.250305147517714,12.937459244393088,208.85461092352475,341.4027783188477,286.0638374985858],[106.82274313003317,36.65929242479804,135.79334645400635,53.73435564826261,203.25246284283998,18.630242332407313,118.79788537414336,269.16909283908063,165.0456406371714,17.132468559335067,84.87672966738052,42.14754075178889,142.0224614905841,195.89820817080246,43.487248872441334,44.2556106562169,62.358636969387334,39.15797475549926,105.18760635035363,41.45835266756667,93.44339897737069,34.796456170970565,46.60231613631416,76.46890772962158,66.22653016915577],[108.73905482674544,17.582081942473803,64.11310340471998,4.230341097303929,201.1318331559811,63.9231696954206,125.39415475583205,244.44693801153676,93.70673564796076,78.92223517528151,60.762651520539144,24.32064202271502,67.0572897048372,167.80980054500682,118.08734757181176,22.390654189034056,91.63217083853876,70.39740440587371,17.167038685574557,40.23058342574517,64.04696076847553,26.118266268895898,80.369225691461,178.4826248590514,77.07233376163433],[161.29822657482953,41.04900807415116,197.28075685555902,78.35058025953037,276.8712786082263,60.82823195782785,170.54123681245946,360.3044161412708,214.58010928103718,53.911063332168396,129.19761586562294,52.401146733887884,184.09228977339157,250.12240689338037,75.02879366325934,48.38723350934253,145.74841043314004,17.117968528246315,141.71244028368895,85.42044005818768,118.87774136938046,46.92050303731767,8.63003791900079,80.73802875718444,60.954707353823366],[135.2373937742467,50.20145238394365,205.1957174559449,91.37871284064852,237.6250775459404,70.89521268913882,140.68817776291638,323.12098882414364,225.4701310778617,29.630091483474985,122.37661799575648,56.25361307849802,200.99891976700715,233.69742936352694,21.307708749053972,59.820176093083056,122.17143210980848,25.522461992273513,168.34949665624734,99.78222258803827,120.3138498509026,45.0617313058828,55.234063450704014,10.069377679285978,113.5542919561775],[91.21242137135171,30.28083138058136,95.11107673082171,34.37896276929607,182.3050606639917,28.35036795695308,106.53572216003748,235.67465150515778,129.80449573618404,40.951903241912376,62.57638046078802,34.08922442572903,108.76841694799239,172.09489340113154,71.18790937383096,37.13139571372024,38.82235293476116,54.19709146089867,73.38869497657795,19.819782438938038,77.32917698595922,28.53140456148597,63.45513988358546,119.69455395545378,70.36108341744827],[122.70420713470138,14.403089526258121,78.26431293997531,14.456419104615414,219.18564801224696,72.67527802218285,138.72067746104628,265.03304044464295,99.06092482219837,87.61248254355542,71.83064361291596,24.62733238195294,69.67021266891618,178.34103222506178,128.8016916484128,18.349911228737113,112.91729129079573,72.05481121696201,19.050365322588725,51.73222975314095,67.24367941673057,28.489277701660285,81.12615608311266,189.57096684941487,76.17129508208288],[119.03082819080626,48.094517260074674,186.49961891264067,83.88052566050911,215.76540668432514,62.818440359878835,125.3482250071506,295.6456596424404,209.3028237031319,19.15101673523169,109.21118812471937,52.74144319514649,187.0024479312884,216.99046531152865,2.730532190316198,57.564649665597756,99.62595597460249,33.587502188776114,156.35216666907323,89.0799158069267,112.06185582580568,41.312204215219964,60.21819089092449,34.129114691083245,111.53053160498537],[164.51057906862192,3.8380998507380855,124.6371793535227,55.012167161620596,267.5831217455457,138.1175499036495,178.2833491569445,313.40216583173515,106.78908964305278,140.0710799659538,103.54348458636397,22.465496084045725,79.0119744126907,196.53311438529528,192.28621355854256,1.8314586055262114,195.97007787627027,100.34104053889757,77.75022800334712,121.31865333094302,68.89185883082672,33.289319085990066,124.24295728484246,274.60322520779476,143.50316319715694],[65.28949949052182,48.00580847861151,153.48583921091097,81.24523120461356,