{"n_facilities":25,"n_customers":25,"capacities":[140.0,63.0,72.0,122.0,78.0,108.0,118.0,11.0,48.0,54.0,67.0,114.0,72.0,143.0,82.0,114.0,62.0,64.0,95.0,131.0,130.0,130.0,17.0,134.0,78.0],"demands":[10.0,21.0,11.0,29.0,27.0,19.0,5.0,16.0,12.0,9.0,26.0,19.0,13.0,28.0,21.0,11.0,23.0,11.0,29.0,26.0,6.0,9.0,30.0,9.0,29.0],"fixed_costs":[1385.0,857.0,909.0,1257.0,920.0,1220.0,1253.0,392.0,782.0,805.0,866.0,1176.0,969.0,1296.0,985.0,1175.0,869.0,955.0,1032.0,1289.0,1292.0,1283.0,441.0,1312.0,1055.0],"costs":[[53.98419587140804,183.97014280523024,54.65457371430581,249.0332245473391,152.5376451678607,173.51343436753993,41.70440405344728,82.97856234182154,82.44543181535948,27.101143282694814,105.75258812346726,137.99671983147567,98.0727612545835,33.073693043832385,114.04793643288943,37.592134930414936,143.55035558126144,63.48871885123974,251.03443535442153,131.49067528385177,17.21009522654956,21.57232377123241,139.62469109836036,10.030849370179578,134.75993325954542],[21.894402874318693,98.85158592073687,70.21251662659539,195.2989942283721,60.656845096000126,99.23784624937707,28.367637013696978,55.6223874787061,58.37894382443656,52.8042861946177,54.818899688965004,61.807184212793345,78.45167643352073,131.0474642345154,28.327704967025063,47.40103465116617,141.7594195015832,19.18424324447029,199.8485626045097,160.13211197859908,30.533039469538775,45.658016269862216,152.08339573319455,45.27939432372015,93.04962476806526],[16.822625992748947,126.02875853780208,49.70216297990721,151.06181750759274,113.76918781147876,128.57555915535303,22.99404906066939,85.42514167332867,40.10676606685032,40.59368128786262,6.692663587640792,90.34674146485534,56.44067844449899,134.63116591475114,56.656656824763104,27.901058336265486,96.14534121973585,37.195024895518685,154.60111113861007,193.1475186814509,21.66477202027002,50.72134771515313,194.6465816986023,39.694315964717504,37.592228369933416],[39.16924485638948,138.30269475800648,66.02666701913377,231.99561979599534,92.10103429016606,131.1352374564797,36.43726126784052,52.53448844700736,73.58222025733502,42.589821201560724,78.95577165452963,96.36054092496624,92.42043706244917,73.82430093859617,71.14475866634312,43.801599062865776,150.08559269835246,39.7276031095207,235.47211314388102,120.7809624013831,25.1681346421713,27.47238376834167,112.9384154366772,29.842592360349045,116.63502785038158],[23.455113574509618,78.56672758256184,79.8913311309184,201.99840546115885,41.54786312404722,80.40014983764715,28.38403920235924,52.95976867098841,61.91090820567298,61.67100433198976,73.32817241276497,43.06765589064028,83.19041605277552,154.59727419885874,13.696704100547327,57.38449870476521,157.35426135198287,8.332202442230045,207.10895307146998,168.0712852440093,36.362330443650094,51.90798217212025,159.16142462377914,53.976562970788244,111.54761462171031],[13.957464500941487,84.86368684837397,71.93313087837925,174.6563430133521,67.20535141096134,90.17879119011094,23.98322185194114,67.13810512505711,50.47200482686895,57.552808713933445,52.49900114971485,51.904655877377856,70.7695854328547,158.26926484238885,14.117489256871188,50.12611632032235,136.92577435741427,15.234561322111757,179.68362618565826,185.52192255841274,33.25423061076379,54.8728157221088,180.51576080277403,52.518827114596675,85.99312411546286],[24.157753884217712,51.24539274568647,88.58311562344275,192.22042762197924,58.939950182747076,60.79184899120178,25.329587757765054,69.31277453383404,60.104935331806054,71.96124413164439,91.95531066993817,23.282365031958204,81.74816198143095,195.5145603557017,21.146214156280198,67.34292908336742,166.352669014363,9.643906968724973,197.9859471537929,201.7894689139554,42.84700544663849,65.10688386609495,197.21233661775136,66.22783869539508,125.68061083283209],[29.155433138184286,95.2111122359994,82.95522164268903,105.00443218425399,157.26582916343966,108.82262542100253,8.824119362599319,126.297498682396,34.208757575371195,77.16217113931683,110.20513976468018,85.21776108787523,49.900434935303636,257.5579865900226,83.59150404680278,69.2248964742639,133.4897519821678,48.73755187232564,111.31132053635208,286.9366119403912,45.79544419326545,88.66739035449169,297.14959743897447,79.8148542024265,118.27483468376528],[50.75264572542246,95.2424326558237,102.71297366703402,281.2551833986767,35.97068488828522,80.82579739130041,41.84713860981223,16.21564228570494,94.61149396146803,74.86816130140022,137.23207016412428,61.38988642053558,118.44182678150153,157.66301272382486,68.97829421932292,79.69958470871381,214.48819640989095,30.001607399371387,286.35136942542994,121.7852858207641,46.332281336669055,47.240424326913164,104.88902188665843,61.36678279048486,185.00159499084845],[39.48653550473931,51.09733047396031,101.47755006880286,241.6974892931423,30.65979029239195,47.01599569297777,33.90417412368436,50.28254300662094,80.0545036896597,78.90433927292959,123.37418591029322,20.35050219128796,103.33278886832503,194.50913894480203,44.0956610951312,79.02366153304283,199.86295668939255,14.999547875909268,247.39316649880337,176.6244440105013,48.01639010253195,61.99143952364359,167.77764059606804,69.50849337322292,165.57488676930302],[14.222386967467063,104.03194886327707,65.87438047130757,99.09849771788622,136.7994341959638,114.87369872342406,10.36979115453117,110.72533615311131,22.04167415605944,61.748634577782575,66.06648199339571,82.55257752702924,40.32076726019235,211.99402669203494,64.3493081182365,50.518496449575,103.80712612038131,40.80651439910394,104.72988851709614,253.40212721579263,35.51599385824797,74.78663052759451,260.1812385623109,64.37403254029944,68.65804037988343],[42.141453664514984,8.934646272654184,109.75125536521965,223.23835536525436,89.6410374691635,29.176972710074338,29.558380505577325,86.06814176364009,76.51694196294586,90.26237465789674,143.23071213220902,23.50836312116756,98.9932021004513,248.19187251825923,63.72224968041206,89.19356484218869,205.5921424659399,28.996357714042556,229.44573087468672,234.83837172732154,55.00052532472334,80.70806380502076,234.9348143502946,84.27433857737036,179.44205042311523],[29.955500776569394,118.75245901011111,66.83767443194601,211.85330491024047,73.73142817637607,115.16386277340337,32.19681972942669,52.00679069695529,65.05577675950241,46.76717948734046,61.910951298003944,79.03257701314327,84.40797589072358,101.91209074445428,49.98844743093496,43.84370141227013,143.38734086233302,29.327970658625468,215.82643708574884,139.5819025727844,27.085581894308383,36.463314989433584,130.81190166936705,36.95941765614634,100.50435083645799],[26.255676947350466,45.522702366392565,91.31617852487204,195.0697255382115,61.69012107216357,56.19051915729931,25.598760719926403,71.26163471925078,61.79419470638598,74.41487326109056,98.59743360978763,19.494402584190016,83.55714968816214,202.74275261017576,26.91649020253044,70.20897561916462,171.11844691409837,11.799164471048336,200.92805798189818,206.24074247822116,44.46810696474461,67.24453762052782,202.19280058872684,68.6916994274146,132.36381965452998],[29.27804513746874,120.83305211422626,64.81568072513348,208.17969526722948,78.13411013510694,117.57059098787974,31.743785853145717,54.88109854798223,63.551070903680625,45.288911203703165,58.163935740373404,81.1012410534944,82.57787690474642,100.76390454018684,51.1825415620557,41.81957140232629,139.36713445639975,30.433146103450756,212.06364581221095,142.37757890323138,26.041724709246708,36.61208415513407,134.61932657811383,35.91254372313716,96.0262084878285],[32.490791762051245,122.16002500529638,67.67945357613443,218.57814599847276,75.11451047905003,117.4811622742163,33.44572571066211,49.941750623383015,67.84893400140255,46.548659499291276,67.52201399152236,81.91321450565385,87.25809868298147,96.08254176735046,54.42448678875673,44.77692743075215,147.0198683840993,31.1643857108824,222.48131575533694,133.22712735651965,27.149796337880616,34.267390715201095,123.84406994507165,35.8601242620884,106.38029955891898],[66.9321256740405,155.33304048110205,101.20838750495675,323.3898049270197,105.82637189587659,135.7753857962668,