{"n_facilities":25,"n_customers":25,"capacities":[104.0,94.0,57.0,27.0,117.0,137.0,118.0,79.0,137.0,122.0,104.0,140.0,114.0,95.0,166.0,64.0,143.0,33.0,151.0,41.0,137.0,55.0,72.0,90.0,111.0],"demands":[27.0,27.0,5.0,15.0,25.0,20.0,9.0,18.0,28.0,10.0,9.0,15.0,25.0,19.0,34.0,13.0,24.0,19.0,15.0,13.0,30.0,35.0,28.0,14.0,25.0],"fixed_costs":[1116.0,1059.0,795.0,568.0,1155.0,1280.0,1167.0,936.0,1341.0,1162.0,1095.0,1267.0,1166.0,1097.0,1369.0,916.0,1236.0,671.0,1372.0,728.0,1225.0,782.0,946.0,944.0,1119.0],"costs":[[113.70976643388919,221.75825684741926,35.76508005901729,114.38482900638054,251.4753556194609,187.79341704650864,91.9353180388915,30.314054163826505,264.0845337087425,111.82797277870085,65.77963211972707,78.63341602272561,104.52035303191349,49.383105215735746,417.36506022439426,164.9766283649235,181.44578942291045,189.93214516299167,16.470327823827915,41.676731377305956,316.54126697080676,433.7785093579097,182.14025214851205,151.51312813211092,234.32291724128714],[193.57386033902745,148.79688817599853,21.251494546994717,146.14929802765212,147.37145424372602,72.20872909345056,41.72285147734473,170.33927514503813,305.08152505408844,73.32047588404262,60.250866011242735,56.15242105286249,232.40090180068327,135.2546496694687,242.86424265621434,111.72872497248503,185.47609150159406,70.30755808444546,124.70691217114481,80.07703844221706,120.0305309619821,291.2243461618159,268.10944586632826,109.61898034227397,20.315059774883288],[64.16840671129286,126.24730254654244,24.75882428630042,25.830642288905267,156.88198445586818,140.8128661696649,65.23449820451238,81.82042339952818,98.92829380807557,67.66104737217363,27.471719225122715,93.59977781776175,48.38970444630409,75.36600457040116,280.71728753632186,104.1417416234807,59.91719361288665,144.67701182293035,73.3403875043873,57.522455697484645,241.6861731355845,271.8494627637231,19.947599254758437,84.87390480015618,243.5244562787366],[168.90127903502992,188.01728396759708,39.75053764913134,37.54263590416298,196.1863744290574,189.3391501941211,83.12490705419614,142.3744292142223,46.982275925616975,75.58961630342267,49.70399453208245,149.41826603084115,132.5192772492859,148.75883667988728,311.1455454983281,106.48982179259099,107.90155560841222,188.3427547489893,128.51908083159722,108.02924470412835,306.20734459876155,282.3482952359621,88.97663445382393,92.70364640551335,324.89226355846006],[161.11427487473964,161.3687280011052,21.854577301656306,139.3894770082092,175.51789915778392,100.36099704976431,55.25413084764208,135.93536789028454,300.9434018246281,85.16143205067613,59.59505031991944,29.70895602698974,199.11725066380677,102.06264545467866,297.1910580044621,129.49221431310085,182.1946801409594,101.97940948598684,94.50991281873749,57.42761136544358,174.59832407534446,338.1321496490587,247.27498414357427,122.83973194730163,66.27164180174067],[183.15479718367072,103.6101502551002,15.803321216017277,127.0424136729223,93.20783137944827,29.1514336322387,21.191239318284907,174.355509029315,261.37522975203285,50.979127582925884,47.950582291738776,68.06517108337586,221.6807525224931,138.87132432671507,164.17223958462424,81.87121141504922,151.69394108597885,26.555335240457115,131.03499770045747,83.86619125760231,50.88919950415553,211.0692041122287,239.80914885252352,79.60213887139332,75.17283171683901],[142.92036502459226,44.22508843278045,16.367504131077524,65.79118973596456,39.9343699107306,70.7037114663656,27.339189727489796,155.93024157995777,129.64344240717054,18.436463106213306,19.576303017538027,96.96575198687006,165.01759638757022,130.2749858747426,112.4563495440716,42.46514239102435,59.041750864191556,72.91183568911767,125.22552583903233,84.98628442141026,121.03724119230671,104.29824743164647,141.3751376480613,19.6205284940161,193.4300473415854],[177.16369187070495,86.33138824210744,24.162526355663015,70.9793028303848,62.99963963986334,95.62871371264613,36.1748852523718,177.2896896987897,121.81441626047074,15.897232201056253,31.180096173576032,120.3714398730073,189.2647996315551,156.1881580283396,106.73516979647876,30.083523810052803,80.27606565663957,93.92426166455417,145.00105847723472,103.81781557636694,149.9313512341356,74.11462764012113,158.42259704370178,9.10884718278745,227.78500826050333],[161.22149786641788,156.04861338502724,34.78159909133627,31.068757317093958,161.4962365974407,164.60263421815554,71.07283288367496,148.087910085536,8.372850081917624,60.683420319082614,40.602901199777385,139.904966594112,138.78342342821765,146.12010058631128,260.16534941595296,86.62822398265195,83.72141602890169,164.00652664646518,130.0242255757315,104.04360021566931,266.5456003650758,228.9581222955222,88.6547205147509,71.74446049004396,299.87273875785746],[180.73981928503238,142.5351350314966,19.62411704336879,140.69165043504634,145.6294220735072,71.65506860003701,41.92320221563259,160.91565297900658,296.4430105950964,72.91036534383113,57.3592636550868,48.23392646815335,220.38515168428114,125.40199876144506,245.4259264392665,111.93702502232779,177.71307094394388,71.45467067114592,116.79688823175943,73.31084399948628,123.63083192349373,291.4821839907155,256.67502316014895,108.24293287740295,29.307347147252607],[54.91272894076878,166.7614336009953,28.778115705681895,63.8267872869921,199.92057893585377,162.0342314558711,77.57027306906711,35.69450606520043,168.96774022212156,88.03779786387003,43.2840400257354,83.97105621638478,18.377548579393405,43.74702974088313,345.13454248121417,132.47158613041955,112.50325914515953,165.74261362576527,38.28782290429324,41.30901153796431,277.1912044396545,347.1845629291147,86.66704427012372,115.34688388940648,242.2587044695986],[97.654296452181,40.284254577495645,13.119951482756306,48.24294138694853,72.66457787973737,80.19269784633906,35.79796266251484,125.39273994012443,114.33365961145063,35.44666152487617,4.435105361764088,81.6376728637765,122.88802262334337,99.71863403879675,167.89219094178762,64.47571330441947,25.09309168466296,85.59021809880416,100.58188156490858,65.51132298680976,146.14421887072623,163.76195475680214,100.60939970793629,42.520857396385566,190.74749995711932],[111.86979673221616,159.03537916343177,21.64894631091712,118.90534101996064,185.8514813668827,119.89531712724705,63.27321105704374,91.77511707395817,268.5595193083209,88.44786310038495,52.978071869022145,18.46941542760813,146.92769255066938,58.42985199396002,322.6890579310407,135.01402012171522,160.12492329217702,123.83930493984302,57.35862701372626,28.754440450800594,211.63409386702668,352.6188041620053,202.09150017175992,123.69896501096163,126.77255882231273],[102.7480963205299,165.51735714777672,23.24950517542357,115.33063028391896,194.32737530104754,130.0191643257357,67.4639752468651,78.90839337910428,263.41999726919164,91.37823786938057,53.305795258689734,27.476778740048005,134.0520855355738,47.50623968152047,336.1711105107621,138.92648722083624,158.9255137002307,133.96819836771604,46.401169747943456,22.922461021407,227.90429565799445,363.1620203555056,193.00038994680406,126.75194840783787,145.55841441812873],[185.19381996811202,163.288934143382,22.845962446209477,148.05167841993898,169.02645713967317,91.24873601317395,50.904622679247204,157.4332699149193,313.2962814240995,82.42169727952187,62.830626419736944,45.43443995206739,223.33599024261358,123.32979936059449,279.8771651936392,124.73410131252923,191.94490379604179,90.75958015440737,112.85965848839017,71.8089798275349,154.48874035410623,325.7809762405509,267.22058410456873,120.88211312342308,33.767864399029115],[143.44033958821015,40.61755786258131,8.697944964040689,93.13799950598819,42.29835153148468,20.308046516767682,12.022178809041907,154.49175461944245,194.76348646986074,31.877112533407388,28.02960327933606,70.25842594286654,180.1756461764664,120.71636640025866,123.00704839007807,60.428003062084045,96.91002124391036,29.094873835922947,118.34922685736592,74.12787031860269,59.190792185702435,152.0416348255644,180.9119282709543,49.4406032823042,128.22953839990038],[31.143981038525112,140.8172040978087,21.933531432482575,74.2945708660024,