{"n_facilities":25,"n_customers":25,"capacities":[232.0,37.0,338.0,26.0,356.0,137.0,230.0,245.0,280.0,198.0,332.0,253.0,319.0,377.0,92.0,103.0,182.0,145.0,290.0,290.0,240.0,211.0,330.0,116.0,219.0],"demands":[23.0,11.0,24.0,19.0,19.0,15.0,35.0,9.0,33.0,13.0,16.0,32.0,14.0,16.0,11.0,23.0,25.0,31.0,32.0,31.0,35.0,25.0,32.0,8.0,26.0],"fixed_costs":[992.0,420.0,1289.0,382.0,1283.0,845.0,1031.0,1035.0,1196.0,873.0,1185.0,981.0,1211.0,1310.0,639.0,732.0,906.0,831.0,1154.0,1149.0,1063.0,1047.0,1217.0,766.0,1060.0],"costs":[[91.12330543521573,20.03612022851454,115.76299229258636,44.13066016626333,60.79296519056203,66.76524441309638,165.1782939586697,41.220026874002045,25.849658746005996,53.32734499712946,123.34492704997372,125.01408673154111,70.75201126328896,75.15772055316174,47.163786752425096,172.04482223728715,57.66002275681178,132.2674649638653,121.65128486373871,93.03360399260761,112.76550680530342,125.94457140143047,51.87442307285981,14.357326339481425,132.79549077100148],[1.7041390064045752,41.794543757429686,20.986537575862087,42.86494308568188,136.33080601375067,122.09116455073003,61.30482706156361,52.718990961991736,156.5249079313967,98.37430842030707,60.5815823893099,31.444985180634724,34.14154846155653,50.197519541560844,69.1273046299807,141.7468549159748,155.4844429693881,244.74520566862282,184.65892208183692,88.5115009158459,179.58345744967102,151.79231377898952,153.06985872831225,39.9426033875981,227.39552541382298],[109.57924384945957,83.25329423121705,122.14827499905805,121.6784879126989,173.54734308620363,129.61945044707323,228.01269375251948,36.91274024897875,237.58397503823744,101.26834838423247,105.43100019921559,124.85061363579197,100.90593332109049,127.48469681377195,56.13422588606852,31.105274853309503,194.69436021609718,258.20922362521577,314.87736895363923,227.36653622150553,164.49927292002596,263.85640605865024,257.6033921346775,66.01684147720668,234.08054075349975],[102.52347310041867,8.224661234790197,121.10382440859745,41.485039734233126,76.62689448318328,92.52532670686368,147.69643046587333,62.53625253745924,79.10172869564958,78.92513582642346,120.93116228612217,155.9861132830876,58.992353374830586,53.8729349097028,73.43649797142493,216.9156656815676,98.06525929787675,188.20954083975641,49.03597480672869,58.12119325929788,196.22179478655312,66.18069386205762,37.26492013586242,9.789905619734764,177.63549077398315],[86.67111739613631,40.53103622200987,112.22372424071364,63.93370398854565,85.05760055925991,68.2760889434076,182.22280409747765,23.725211038998484,86.00575205318393,50.18409855199974,120.42401663444922,103.75849633063052,80.45180630397195,92.79386705058427,29.165972176299174,126.36078182656803,79.11749898961982,132.41530527760992,187.02097193870702,134.48692411243206,50.69164956901271,174.2712308511274,118.52512382359015,30.996022174777384,132.43769801933738],[140.67996267086025,31.40558627347744,166.38176262056848,78.69692570739876,22.956795850026506,52.27990867616016,229.81179669980403,52.72598713187296,48.04992735348233,46.91065459293895,156.03592009162318,196.2595503231236,94.45498564301506,97.41276585581637,57.286790025188,216.04612033592895,36.6970057806078,107.1118053360012,111.04953809195122,136.87277219126005,157.6062600819022,124.90769189636615,54.99913952257491,12.916619837326168,107.25675828868053],[115.40546430165702,88.9567051828297,125.03790513073321,129.93838308843624,187.1502759528713,141.2309914331565,233.94204799441275,43.91574234118747,259.1264596758126,111.36427809405806,101.75683618248983,134.816476264935,103.14630111772902,131.37801509609457,64.72128439947555,35.310662342454116,212.83491518391844,282.2166123910264,330.93260479443495,239.51545006108813,191.43953633277275,274.3116436104334,276.46684251872034,70.76511543654841,254.3378634847771],[73.02042083447712,17.768320660842942,96.64367040801591,30.362338307225645,75.69614581676093,78.04711127451627,137.95455390065518,42.40718658478729,51.21518166508356,62.34784275989225,110.53539511808236,101.86939001243046,60.3165943085603,64.76454725188097,50.50057937911397,164.77838162293304,77.50031274097805,155.1039615615341,123.07442045998647,74.75511188314745,120.25830806885884,122.38257225028705,62.24686013779266,17.23117207755265,152.14510354987],[65.19961404060751,73.0621545967171,54.28357590089808,96.77968670274784,187.5360284765533,157.1644681469872,125.75694130580776,64.18683355688808,246.22821317881528,127.25978926327049,37.45309640177026,89.59905541684665,57.962419957187166,83.89600354997691,86.53504733030474,126.86065221941682,219.7669249120604,316.2639332772697,273.03165127195945,172.60658689112395,241.73589464840734,215.63745932739903,243.83876474441846,62.64666428851335,286.68520196848516],[80.31686308304484,51.72106943538104,71.98127865219594,69.97279714859269,166.42427000627228,156.69430568277454,58.65371566344069,82.22055455584227,216.23573346031984,130.9592150266137,55.99588360291155,140.65878552828767,14.559953266248552,24.358668401221422,103.50930904706853,217.12197757051123,206.1259784286674,318.18580765125444,174.1975692643514,97.44027880010019,287.3688113051153,120.61963725409308,187.3334185449963,47.98010870000663,288.72368749797505],[73.98056580655508,63.94178426894997,56.95257797147468,84.76245700848655,185.27761791083174,166.45796246512583,70.81176294087952,80.75721193768467,243.7658108975366,137.79392384685931,26.759517018361375,127.06946912309775,27.747210159728127,49.10036301367767,103.81312447673382,194.6295658517551,225.4720120051377,337.1726282199728,223.9808034984208,133.38893213749094,290.00056351938844,164.16591900041863,223.04942741943597,57.16309642115152,304.9917131980641],[138.16359986194666,24.15386078075397,159.81421036628456,71.19569916147671,56.19537769269379,81.56531906103741,205.98804068189148,66.5092737463014,82.6513328528759,72.47344963960757,147.55349363645703,201.93710984260477,82.13324664954995,79.37260876174877,75.83017853206715,240.12080604865963,85.09268050463939,168.06799899015812,49.9020296087913,109.75270490754487,210.11746917274064,77.29263638248285,44.45220521448567,9.517049727786963,157.6516064698306],[96.02526369370916,62.155651277952174,84.81883272063676,87.69467941965038,184.46177987345317,170.78796904420716,85.51337889717115,89.27309798451451,247.49197559766856,143.00317141426308,51.30684940900774,161.65510277242586,26.739658937779453,39.139814381403866,112.68705611378942,228.062147666271,229.7736860115362,347.20127014780934,201.4744299979472,126.88375759273015,316.80151018285613,138.6650845320679,217.6187740018574,55.531646475704974,313.1127519071626],[84.69325910996189,54.726650574037734,75.35457637428854,75.0992037769231,171.62290457168245,160.77577850195996,65.97132773683316,84.26581573764118,225.27378952276496,134.45117421943374,54.35888337237614,146.55593383504788,17.957318044103328,28.548960961352655,106.17354662974896,220.26170684947388,212.96640403848448,326.59197237792546,181.85959109171094,105.92870279281931,295.9031916804343,125.50844908464398,196.04760521524864,50.15081769278502,295.7883148681262],[86.17314310371353,33.25856896861544,111.91115722638826,55.32378101362293,74.64718137091103,65.50619981553841,174.4268735199699,29.46660757074641,62.82033740315166,49.12456315641459,121.04924607978177,108.22344207407482,76.5016677145729,86.17429050981607,34.45424944053303,142.285009909089,67.20069754737696,127.50323865955772,164.5372834412859,118.71629689758832,69.06060990895665,157.64711424835806,95.4838000069288,25.226605322348604,128.9858789885657],[90.90554294975351,64.82999701837132,110.40756662470775,94.44198235808099,135.10403342312094,100.1554653195005,202.0409094860184,22.13763975348012,173.43869260659105,75.98034520129742,110.05183924473633,97.78428388329489,90.29516306125231,111.35749529650573,36.75522259245862,65.44866722146996,144.01387005537825,197.39535309731795,261.3176509494864,185.1495827792273,95.43338083400971,226.41322398766212,198.88008775316283,51.254983967254226,184.06406878002733],[88.34786449839731,48.983917769307915,112.89163785207697,74.56585855184998,