{"n_facilities":25,"n_customers":25,"capacities":[102.0,181.0,353.0,136.0,312.0,299.0,143.0,109.0,88.0,75.0,129.0,260.0,156.0,283.0,140.0,174.0,70.0,102.0,355.0,70.0,197.0,231.0,211.0,177.0,197.0],"demands":[31.0,30.0,22.0,27.0,7.0,6.0,16.0,16.0,14.0,24.0,8.0,12.0,10.0,20.0,25.0,15.0,22.0,26.0,32.0,5.0,26.0,32.0,5.0,8.0,16.0],"fixed_costs":[799.0,894.0,1335.0,815.0,1345.0,1337.0,810.0,797.0,652.0,675.0,795.0,1151.0,873.0,1198.0,861.0,998.0,601.0,770.0,1367.0,615.0,951.0,1162.0,996.0,962.0,1052.0],"costs":[[125.13273436897018,168.99274748807466,91.18613482830268,225.37572161872933,41.772882109620454,26.62588533107529,14.245598353787193,93.50902711800109,50.62051219827744,78.66220645068208,14.232662525257016,24.645898324712164,24.7047774377699,53.547011771091846,119.86468840080829,95.93968941644745,58.1513791459062,98.4970685852328,174.9140808523236,20.584294968717955,137.28683301990915,77.78803288098285,29.255814147491854,14.859608355437288,45.81582748503649],[116.22150012688854,69.01685308043193,93.62979482437238,207.1552027991318,57.910054691131485,29.09723957044441,83.79759367864008,5.022837193512936,61.946438807540815,190.05116841725535,41.691107779542264,44.14425855775369,78.50449598751082,74.07808610208554,21.71072289781645,20.693430419081334,163.23946707364172,71.21028276302118,138.4051354462861,11.80732768312694,35.80550481823773,237.05384128109074,46.063011095097686,59.197387481504144,72.8495951285535],[28.570351257663702,136.78582521805896,30.91647976451454,153.20175240405717,37.15503102424942,12.122286529666265,60.8876571586105,51.27121434130566,19.848832838765276,122.587396689055,34.40816875062835,19.745622506187914,54.09810679862176,19.667678988924692,54.37696593266104,48.38028896209537,103.32936817560716,7.610728051239814,71.25177362592642,17.339322789821974,53.30574873074323,152.54249289372652,30.931658491239006,41.878713167849455,70.68144556707516],[185.1667560174591,279.99541810502717,126.1858583700535,228.90983810006472,32.266451707933676,33.555747437603216,73.21227390222136,145.4779696392031,72.83283770023202,27.23552236543508,42.85944363577361,62.11320704962633,14.457826833527198,104.42255371973432,199.7444085503086,140.098674927319,31.579148161249517,166.4837442505882,222.71755019610768,39.080718070943554,212.11636666807996,45.968300564411535,17.403976352408066,19.136338644044816,104.9107876014723],[194.04953902038417,172.8718179947109,142.1966892597572,291.15992279968924,58.68488729314628,40.991195390873145,30.02332179818851,110.7539861972787,83.69803661739248,125.73200555565195,11.388584749199781,48.03574538646025,38.37349739693221,96.79568022493127,151.73466830603854,116.45774656431117,102.16471880927918,148.7584846043183,247.08122917716128,22.397762989587907,177.32956523819942,138.5802882053455,40.33546480459663,23.088633696712982,36.01245214131394],[42.11338761946366,200.47030060451937,22.082560388756853,92.98305452784633,26.312827470625603,4.433552185818034,89.32561387475164,77.46964549618959,20.890699858316644,124.19092626994964,50.03640310479671,42.96307019829839,60.9485660241274,53.69149777956687,101.50615426372455,65.14919380028904,110.40400936582115,62.82687604989382,23.14464597046706,28.56653625841355,89.62199004718128,167.43044238731486,25.404601629002578,50.139181137540746,105.2923484977303],[109.82152018848035,211.46066344936642,74.5682923193765,187.281223458695,28.098860452874057,20.392276630800698,46.38515073528485,105.45030567113702,39.538497984771574,38.12594687006791,30.348800376346027,32.81149811346005,19.601183885391652,53.987480387662224,137.20404181343068,102.2735409856484,23.919159581650327,100.99490231231663,150.50782571111927,27.801081583461034,146.5529585198933,37.30133322849782,19.191015627478908,17.850960031514667,76.8389874223913],[20.578717710380303,166.7002196869682,19.11384711107249,119.03080301024369,33.15687321244958,7.8168008352393255,80.02193069682158,59.63780554722688,19.269849176984533,131.38450267210425,44.514385533788726,34.415258387163036,61.12745746181318,40.71328425901938,73.11062874824741,49.855836551277505,114.20745584850832,35.79295139601651,29.494353977850455,23.22631842243593,60.924173469922685,170.8968190430299,29.52328441860359,48.88359140743813,91.58736492865224],[35.234497881670755,141.8678257288202,32.66141194403438,159.48794782838348,35.58152023807397,12.245942883170587,52.74834781323967,58.40404476669754,17.557969121516575,109.4399031818017,30.90004515150385,13.936893167637226,48.1025688731767,7.633622454156658,64.32439926116993,56.68566544176207,90.77247915492268,22.039702456289113,82.77549475725495,17.466748858277118,67.53877337159828,133.85165415666233,29.13040413125553,37.07109867132082,65.87897293630452],[182.72134847842636,156.9951018256663,134.826136870077,283.3800849204167,57.96831104516151,39.17367726290496,25.190690805495297,102.3654903112629,79.32403704449958,127.37871760415939,7.557365410700088,43.36348645168506,40.103483397497506,89.5228468596435,139.02664452141155,108.81856604091327,103.22758932300378,137.69624597809133,235.37270159154386,19.719182072000308,164.60413606245297,140.77713993255682,40.354036569703986,24.588845638780988,27.557377969499587],[59.88843358391457,152.4269925525133,49.33433716426042,129.38373752312634,41.92179874070534,15.819399473797812,92.75283175684471,45.662153388897835,38.061665506428064,163.55409838127716,49.6291633979294,43.81119931734678,73.43084379150092,59.99324060408978,60.341525639422876,32.20677857840964,142.93557785150978,48.998356946584636,51.238661156510084,22.65208412718082,39.40503113993011,211.86874431959228,36.20828426411115,57.929717132077414,97.5421769904851],[214.80570671144972,330.1582900082072,144.63078975932993,223.30098110390372,28.541284631909008,37.536847145670876,103.34199564049314,167.21622919086963,85.78098906182272,57.39165193223159,58.23814096848113,80.29283395904147,34.29254934553467,130.44477861065306,233.96671020267652,157.837574209026,65.95103417322036,197.6441797303653,243.08184736843057,47.533707820006015,243.3228422716884,101.60847815891654,12.494939451285438,35.03310624916453,135.2322715922704],[193.4085604699597,327.3466464131594,127.80802606646256,183.8646352956204,18.291510842979918,32.26379468774826,109.41327037845822,160.0055101741911,76.46906466494781,65.99067860352184,61.74111600896904,78.52775970136862,42.54643497321244,123.28517917614349,223.66696631234316,148.50952546713626,73.98335549360733,184.3006796324016,212.11842646044812,47.35628034058731,228.35160154451242,117.09369816777438,4.810620897743526,41.376054871295196,140.69076074456135],[106.10731633615619,264.9672681994121,64.01676121350079,89.7526766896643,8.998197653405166,13.819845950765885,102.14798341675406,116.09025790775819,40.677902482068156,98.69283193186386,57.800840746372224,59.28503291557436,55.354211075198066,83.17233793225947,159.11429925200474,102.6218455199732,94.09916601073145,117.55478973235124,101.73520935362785,38.23245097380293,152.9912302026953,147.16150474568832,14.093518515086824,48.57950838971603,126.55949122373157],[139.81777362083037,103.3167676999083,106.92794621594055,250.85451453213824,54.835636493043275,32.24252998801428,25.889265487961012,70.76218019909948,63.24522970385158,135.60044286476364,9.294141603313703,27.74727361444546,48.21270216670471,63.891044077639734,90.47525803148697,79.57487010054427,110.45437891469362,95.7279958573919,189.388317921397,10.12828561026975,115.51162060370316,154.5175996974121,40.12762274090228,32.41181581106348,11.739814437430152],[126.27826799828583,257.9913387271726,84.84592335721035,43.13660403948212,35.52070998091954,21.496378410379833,135.01076660249598,100.65140337618807,61.25250952209035,185.05490872821758,72.51763663675113,76.36615728416463,88.4094974908017,109.75579952954818,148.2888824971544,80.28947869302426,168.94095228447142,126.72578044987708,83.9094378229244,39.93377689996349,130.70577504891992,253.95165647432393,33.542099666008156,72.81342335751768,148.0726899788159],[214.71036898157382,311.44857406547317,146.4017004597503,244.09250086829718,